wezion - en Suggestions - Created: 25-06-2022,,,,
Modifier Type,Suggestion,Language,Region,Keyword
questions,are we zion,en,in,wezion
questions,can we drive through zion,en,in,wezion
questions,"when, what and where  here we remembered zion",en,in,wezion
questions,what is the significance of zion,en,in,wezion
questions,will wezion work in india,en,in,wezion
prepositions,weziyon,en,in,wezion
prepositions,Wezion login,en,in,wezion
alphabeticals,webzion,en,in,wezion
alphabeticals,wizion,en,in,wezion
related,wezion for youtube,en,in,wezion
related,wezion video,en,in,wezion
related,wezion web,en,in,wezion
related,wezion travels,en,in,wezion
related,wezion for gmail,en,in,wezion
related,wezion for online,en,in,wezion
related,wezion for free,en,in,wezion
